Workbook

Sheet CUSTOMERS A
A1: CustomerID | B1: CustomerName | C1: City | D1: CustomerType
A2: C001 | B2: Aisha Bello | C2: Lagos | D2: Retail
A3: C002 | B3: Daniel Okafor | C3: Abuja | D3: Corporate
A4: C003 | B4: Mariam Yusuf | C4: Kano | D4: Retail
A5: C004 | B5: Chinedu Obi | C5: Port Harcourt | D5: Corporate
A6: C005 | B6: Grace Eze | C6: Benin City | D6: Retail
A7: C006 | B7: Samuel Adeyemi | C7: Ibadan | D7: Wholesale
A8: C007 | B8: Fatima Musa | C8: Kaduna | D8: Retail
A9: C008 | B9: Emeka Nwosu | C9: Enugu | D9: Corporate
A10: C009 | B10: Blessing Ojo | C10: Lagos | D10: Wholesale
A11: C010 | B11: Ibrahim Sani | C11: Abuja | D11: Retail
A12: C011 | B12: Esther James | C12: Warri | D12: Retail
... A21: C020 | B21: Tunde Adebayo | C21: Ibadan | D21: Corporate

Sheet PRODUCTS A
A1: ProductID | B1: ProductName | C1: Category | D1: UnitPrice
A2: P001 | B2: Laptop | C2: Electronics | D2: 450000
A3: P002 | B3: Monitor | C3: Electronics | D3: 180000
A4: P003 | B4: Keyboard | C4: Accessories | D4: 15000
A5: P004 | B5: Mouse | C5: Accessories | D5: 8000
A6: P005 | B6: Printer | C6: Office Equipment | D6: 120000
A7: P006 | B7: Office Chair | C7: Furniture | D7: 95000
A8: P007 | B8: Desk | C8: Furniture | D8: 140000
A9: P008 | B9: Headset | C9: Accessories | D9: 25000
A10: P009 | B10: Tablet | C10: Electronics | D10: 220000
A11: P010 | B11: External Drive | C11: Electronics | D11: 75000

Sheet TRANSCATIONS A
A1: TransactionID | B1: CustomerID | C1: ProductID | D1: TransactionDate | E1: Quantity | F1: Discount
A2: T0001 | B2: C008 | C2: P004 | D2: 2026-02-02 | E2: 2 | F2: 0
A3: T0002 | B3: C015 | C3: P007 | D3: 2026-03-03 | E3: 3 | F3: 0
A4: T0003 | B4: C002 | C4: P010 | D4: 2026-04-04 | E4: 4 | F4: 0
A5: T0004 | B5: C009 | C5: P003 | D5: 2026-05-05 | E5: 5 | F5: 0
A6: T0005 | B6: C016 | C6: P006 | D6: 2026-06-06 | E6: 1 | F6: 0
A7: T0006 | B7: C003 | C7: P009 | D7: 2026-01-07 | E7: 2 | F7: 0
A8: T0007 | B8: C010 | C8: P002 | D8: 2026-02-08 | E8: 3 | F8: 0.05
A9: T0008 | B9: C017 | C9: P005 | D9: 2026-03-09 | E9: 4 | F9: 0
A10: T0009 | B10: C004 | C10: P008 | D10: 2026-04-10 | E10: 5 | F10: 0
A11: T0010 | B11: C010 | C11: P001 | D11: 2026-05-11 | E11: 1 | F11: 0
A12: T0011 | B12: C018 | C12: P004 | D12: 2026-06-12 | E12: 2 | F12: 0.1
A13: T0012 | B13: C005 | C13: P007 | D13: 2026-01-13 | E13: 3 | F13: 0
... A151: T0150 | B151: C011 | C151: P001 | D151: 2026-01-16 | E151: 1 | F151: 0

Sheet CLEANED DATA
A1: Customer Name | B1: City | C1: Customer Type | D1: TransactionID | E1: CustomerID | F1: ProductID | G1: TransactionDate | H1: Quantity | I1: Discount | J1: Product Name | K1: Category | L1: Unit Price | M1: Total Sales
A2: =_xlfn.XLOOKUP(E2,'CUSTOMERS A'!A:A,'CUSTOMERS A'!B:B,"Not Found") -> Emeka Nwosu | B2: =_xlfn.XLOOKUP(A2,'CUSTOMERS A'!B:B,'CUSTOMERS A'!C:C,"Not Found") -> Enugu | C2: =_xlfn.XLOOKUP(A2,'CUSTOMERS A'!B:B,'CUSTOMERS A'!D:D,"Not Found") -> Corporate | D2: T0001 | E2: C008 | F2: P004 | G2: 46055 | H2: 2 | I2: 0 | J2: =_xlfn.XLOOKUP(F2,'PRODUCTS A'!A:A,'PRODUCTS A'!B:B,"Not Found") -> Mouse | K2: =_xlfn.XLOOKUP(J2,'PRODUCTS A'!B:B,'PRODUCTS A'!C:C,"Not Found") -> Accessories | L2: =_xlfn.XLOOKUP(J2,'PRODUCTS A'!B:B,'PRODUCTS A'!D:D,"Not Found") -> 8000 | M2: =L2*H2*(1-I2) -> 16000
A3: =_xlfn.XLOOKUP(E3,'CUSTOMERS A'!A:A,'CUSTOMERS A'!B:B,"Not Found") -> Ruth Daniel | B3: =_xlfn.XLOOKUP(A3,'CUSTOMERS A'!B:B,'CUSTOMERS A'!C:C,"Not Found") -> Lagos | C3: =_xlfn.XLOOKUP(A3,'CUSTOMERS A'!B:B,'CUSTOMERS A'!D:D,"Not Found") -> Corporate | D3: T0002 | E3: C015 | F3: P007 | G3: 46084 | H3: 3 | I3: 0 | J3: =_xlfn.XLOOKUP(F3,'PRODUCTS A'!A:A,'PRODUCTS A'!B:B,"Not Found") -> Desk | K3: =_xlfn.XLOOKUP(J3,'PRODUCTS A'!B:B,'PRODUCTS A'!C:C,"Not Found") -> Furniture | L3: =_xlfn.XLOOKUP(J3,'PRODUCTS A'!B:B,'PRODUCTS A'!D:D,"Not Found") -> 140000 | M3: =L3*H3*(1-I3) -> 420000
A4: =_xlfn.XLOOKUP(E4,'CUSTOMERS A'!A:A,'CUSTOMERS A'!B:B,"Not Found") -> Daniel Okafor | B4: =_xlfn.XLOOKUP(A4,'CUSTOMERS A'!B:B,'CUSTOMERS A'!C:C,"Not Found") -> Abuja | C4: =_xlfn.XLOOKUP(A4,'CUSTOMERS A'!B:B,'CUSTOMERS A'!D:D,"Not Found") -> Corporate | D4: T0003 | E4: C002 | F4: P010 | G4: 46116 | H4: 4 | I4: 0 | J4: =_xlfn.XLOOKUP(F4,'PRODUCTS A'!A:A,'PRODUCTS A'!B:B,"Not Found") -> External Drive | K4: =_xlfn.XLOOKUP(J4,'PRODUCTS A'!B:B,'PRODUCTS A'!C:C,"Not Found") -> Electronics | L4: =_xlfn.XLOOKUP(J4,'PRODUCTS A'!B:B,'PRODUCTS A'!D:D,"Not Found") -> 75000 | M4: =L4*H4*(1-I4) -> 300000
A5: =_xlfn.XLOOKUP(E5,'CUSTOMERS A'!A:A,'CUSTOMERS A'!B:B,"Not Found") -> Blessing Ojo | B5: =_xlfn.XLOOKUP(A5,'CUSTOMERS A'!B:B,'CUSTOMERS A'!C:C,"Not Found") -> Lagos | C5: =_xlfn.XLOOKUP(A5,'CUSTOMERS A'!B:B,'CUSTOMERS A'!D:D,"Not Found") -> Wholesale | D5: T0004 | E5: C009 | F5: P003 | G5: 46147 | H5: 5 | I5: 0 | J5: =_xlfn.XLOOKUP(F5,'PRODUCTS A'!A:A,'PRODUCTS A'!B:B,"Not Found") -> Keyboard | K5: =_xlfn.XLOOKUP(J5,'PRODUCTS A'!B:B,'PRODUCTS A'!C:C,"Not Found") -> Accessories | L5: =_xlfn.XLOOKUP(J5,'PRODUCTS A'!B:B,'PRODUCTS A'!D:D,"Not Found") -> 15000 | M5: =L5*H5*(1-I5) -> 75000
A6: =_xlfn.XLOOKUP(E6,'CUSTOMERS A'!A:A,'CUSTOMERS A'!B:B,"Not Found") -> Peter Williams | B6: =_xlfn.XLOOKUP(A6,'CUSTOMERS A'!B:B,'CUSTOMERS A'!C:C,"Not Found") -> Abeokuta | C6: =_xlfn.XLOOKUP(A6,'CUSTOMERS A'!B:B,'CUSTOMERS A'!D:D,"Not Found") -> Retail | D6: T0005 | E6: C016 | F6: P006 | G6: 46179 | H6: 1 | I6: 0 | J6: =_xlfn.XLOOKUP(F6,'PRODUCTS A'!A:A,'PRODUCTS A'!B:B,"Not Found") -> Office Chair | K6: =_xlfn.XLOOKUP(J6,'PRODUCTS A'!B:B,'PRODUCTS A'!C:C,"Not Found") -> Furniture | L6: =_xlfn.XLOOKUP(J6,'PRODUCTS A'!B:B,'PRODUCTS A'!D:D,"Not Found") -> 95000 | M6: =L6*H6*(1-I6) -> 95000
A7: =_xlfn.XLOOKUP(E7,'CUSTOMERS A'!A:A,'CUSTOMERS A'!B:B,"Not Found") -> Mariam Yusuf | B7: =_xlfn.XLOOKUP(A7,'CUSTOMERS A'!B:B,'CUSTOMERS A'!C:C,"Not Found") -> Kano | C7: =_xlfn.XLOOKUP(A7,'CUSTOMERS A'!B:B,'CUSTOMERS A'!D:D,"Not Found") -> Retail | D7: T0006 | E7: C003 | F7: P009 | G7: 46029 | H7: 2 | I7: 0 | J7: =_xlfn.XLOOKUP(F7,'PRODUCTS A'!A:A,'PRODUCTS A'!B:B,"Not Found") -> Tablet | K7: =_xlfn.XLOOKUP(J7,'PRODUCTS A'!B:B,'PRODUCTS A'!C:C,"Not Found") -> Electronics | L7: =_xlfn.XLOOKUP(J7,'PRODUCTS A'!B:B,'PRODUCTS A'!D:D,"Not Found") -> 220000 | M7: =L7*H7*(1-I7) -> 440000
A8: =_xlfn.XLOOKUP(E8,'CUSTOMERS A'!A:A,'CUSTOMERS A'!B:B,"Not Found") -> Ibrahim Sani | B8: =_xlfn.XLOOKUP(A8,'CUSTOMERS A'!B:B,'CUSTOMERS A'!C:C,"Not Found") -> Abuja | C8: =_xlfn.XLOOKUP(A8,'CUSTOMERS A'!B:B,'CUSTOMERS A'!D:D,"Not Found") -> Retail | D8: T0007 | E8: C010 | F8: P002 | G8: 46061 | H8: 3 | I8: 0.05 | J8: =_xlfn.XLOOKUP(F8,'PRODUCTS A'!A:A,'PRODUCTS A'!B:B,"Not Found") -> Monitor | K8: =_xlfn.XLOOKUP(J8,'PRODUCTS A'!B:B,'PRODUCTS A'!C:C,"Not Found") -> Electronics | L8: =_xlfn.XLOOKUP(J8,'PRODUCTS A'!B:B,'PRODUCTS A'!D:D,"Not Found") -> 180000 | M8: =L8*H8*(1-I8) -> 513000
A9: =_xlfn.XLOOKUP(E9,'CUSTOMERS A'!A:A,'CUSTOMERS A'!B:B,"Not Found") -> Hauwa Ali | B9: =_xlfn.XLOOKUP(A9,'CUSTOMERS A'!B:B,'CUSTOMERS A'!C:C,"Not Found") -> Kano | C9: =_xlfn.XLOOKUP(A9,'CUSTOMERS A'!B:B,'CUSTOMERS A'!D:D,"Not Found") -> Corporate | D9: T0008 | E9: C017 | F9: P005 | G9: 46090 | H9: 4 | I9: 0 | J9: =_xlfn.XLOOKUP(F9,'PRODUCTS A'!A:A,'PRODUCTS A'!B:B,"Not Found") -> Printer | K9: =_xlfn.XLOOKUP(J9,'PRODUCTS A'!B:B,'PRODUCTS A'!C:C,"Not Found") -> Office Equipment | L9: =_xlfn.XLOOKUP(J9,'PRODUCTS A'!B:B,'PRODUCTS A'!D:D,"Not Found") -> 120000 | M9: =L9*H9*(1-I9) -> 480000
A10: =_xlfn.XLOOKUP(E10,'CUSTOMERS A'!A:A,'CUSTOMERS A'!B:B,"Not Found") -> Chinedu Obi | B10: =_xlfn.XLOOKUP(A10,'CUSTOMERS A'!B:B,'CUSTOMERS A'!C:C,"Not Found") -> Port Harcourt | C10: =_xlfn.XLOOKUP(A10,'CUSTOMERS A'!B:B,'CUSTOMERS A'!D:D,"Not Found") -> Corporate | D10: T0009 | E10: C004 | F10: P008 | G10: 46122 | H10: 5 | I10: 0 | J10: =_xlfn.XLOOKUP(F10,'PRODUCTS A'!A:A,'PRODUCTS A'!B:B,"Not Found") -> Headset | K10: =_xlfn.XLOOKUP(J10,'PRODUCTS A'!B:B,'PRODUCTS A'!C:C,"Not Found") -> Accessories | L10: =_xlfn.XLOOKUP(J10,'PRODUCTS A'!B:B,'PRODUCTS A'!D:D,"Not Found") -> 25000 | M10: =L10*H10*(1-I10) -> 125000
A11: =_xlfn.XLOOKUP(E11,'CUSTOMERS A'!A:A,'CUSTOMERS A'!B:B,"Not Found") -> Ibrahim Sani | B11: =_xlfn.XLOOKUP(A11,'CUSTOMERS A'!B:B,'CUSTOMERS A'!C:C,"Not Found") -> Abuja | C11: =_xlfn.XLOOKUP(A11,'CUSTOMERS A'!B:B,'CUSTOMERS A'!D:D,"Not Found") -> Retail | D11: T0010 | E11: C010 | F11: P001 | G11: 46153 | H11: 1 | I11: 0 | J11: =_xlfn.XLOOKUP(F11,'PRODUCTS A'!A:A,'PRODUCTS A'!B:B,"Not Found") -> Laptop | K11: =_xlfn.XLOOKUP(J11,'PRODUCTS A'!B:B,'PRODUCTS A'!C:C,"Not Found") -> Electronics | L11: =_xlfn.XLOOKUP(J11,'PRODUCTS A'!B:B,'PRODUCTS A'!D:D,"Not Found") -> 450000 | M11: =L11*H11*(1-I11) -> 450000
A12: =_xlfn.XLOOKUP(E12,'CUSTOMERS A'!A:A,'CUSTOMERS A'!B:B,"Not Found") -> Kelvin George | B12: =_xlfn.XLOOKUP(A12,'CUSTOMERS A'!B:B,'CUSTOMERS A'!C:C,"Not Found") -> Port Harcourt | C12: =_xlfn.XLOOKUP(A12,'CUSTOMERS A'!B:B,'CUSTOMERS A'!D:D,"Not Found") -> Retail | D12: T0011 | E12: C018 | F12: P004 | G12: 46185 | H12: 2 | I12: 0.1 | J12: =_xlfn.XLOOKUP(F12,'PRODUCTS A'!A:A,'PRODUCTS A'!B:B,"Not Found") -> Mouse | K12: =_xlfn.XLOOKUP(J12,'PRODUCTS A'!B:B,'PRODUCTS A'!C:C,"Not Found") -> Accessories | L12: =_xlfn.XLOOKUP(J12,'PRODUCTS A'!B:B,'PRODUCTS A'!D:D,"Not Found") -> 8000 | M12: =L12*H12*(1-I12) -> 14400
A13: =_xlfn.XLOOKUP(E13,'CUSTOMERS A'!A:A,'CUSTOMERS A'!B:B,"Not Found") -> Grace Eze | B13: =_xlfn.XLOOKUP(A13,'CUSTOMERS A'!B:B,'CUSTOMERS A'!C:C,"Not Found") -> Benin City | C13: =_xlfn.XLOOKUP(A13,'CUSTOMERS A'!B:B,'CUSTOMERS A'!D:D,"Not Found") -> Retail | D13: T0012 | E13: C005 | F13: P007 | G13: 46035 | H13: 3 | I13: 0 | J13: =_xlfn.XLOOKUP(F13,'PRODUCTS A'!A:A,'PRODUCTS A'!B:B,"Not Found") -> Desk | K13: =_xlfn.XLOOKUP(J13,'PRODUCTS A'!B:B,'PRODUCTS A'!C:C,"Not Found") -> Furniture | L13: =_xlfn.XLOOKUP(J13,'PRODUCTS A'!B:B,'PRODUCTS A'!D:D,"Not Found") -> 140000 | M13: =L13*H13*(1-I13) -> 420000
... A149: =_xlfn.XLOOKUP(E149,'CUSTOMERS A'!A:A,'CUSTOMERS A'!B:B,"Not Found") -> Esther James | B149: =_xlfn.XLOOKUP(A149,'CUSTOMERS A'!B:B,'CUSTOMERS A'!C:C,"Not Found") -> Warri | C149: =_xlfn.XLOOKUP(A149,'CUSTOMERS A'!B:B,'CUSTOMERS A'!D:D,"Not Found") -> Retail | D149: T0150 | E149: C011 | F149: P001 | G149: 46038 | H149: 1 | I149: 0 | J149: =_xlfn.XLOOKUP(F149,'PRODUCTS A'!A:A,'PRODUCTS A'!B:B,"Not Found") -> Laptop | K149: =_xlfn.XLOOKUP(J149,'PRODUCTS A'!B:B,'PRODUCTS A'!C:C,"Not Found") -> Electronics | L149: =_xlfn.XLOOKUP(J149,'PRODUCTS A'!B:B,'PRODUCTS A'!D:D,"Not Found") -> 450000 | M149: =L149*H149*(1-I149) -> 450000

Sheet pivout table
A3: Customer Name | B3: Sum of Total Sales | E3: City | F3: Sum of Total Sales | I3: Product | J3: Sum of Total Sales | M3: Transcation Date | N3: Sum of Total Sales
A4: Ibrahim Sani | B4: 4716000 | E4: Kano | F4: 7222000 | I4: Monitor | J4: 7992000 | M4: Jan | N4: 9642250
A5: Hauwa Ali | B5: 3768000 | E5: Abuja | F5: 7071000 | I5: Printer | J5: 7104000 | M5: Feb | N5: 5319850
A6: Tunde Adebayo | B6: 3726000 | E6: Lagos | F6: 6473250 | I6: Tablet | J6: 6512000 | M6: Mar | N6: 8660250
A7: Mariam Yusuf | B7: 3454000 | E7: Ibadan | F7: 4376750 | I7: Desk | J7: 6174000 | M7: Apr | N7: 5289950
A8: Fatima Musa | B8: 3336000 | E8: Benin City | F8: 3398250 | I8: Laptop | J8: 6120000 | M8: May | N8: 8717500
A9: Ruth Daniel | B9: 3297000 | E9: Kaduna | F9: 3336000 | I9: External Drive | J9: 4410000 | M9: Jun | N9: 5283400
A10: Esther James | B10: 3082500 | E10: Warri | F10: 3082500 | I10: Headset | J10: 1850000 | M10: Grand Total | N10: 42913200
A11: Joy Akpan | B11: 3058000 | E11: Uyo | F11: 3058000 | I11: Office Chair | J11: 1406000
A12: Grace Eze | B12: 2877000 | E12: Asaba | F12: 2055000 | I12: Keyboard | J12: 1110000 | M12: Category | N12: Sum of Total Sales
A13: Aisha Bello | B13: 2587500 | E13: Port Harcourt | F13: 1103350 | I13: Mouse | J13: 235200 | M13: Electronics | N13: 25034000
A14: Daniel Okafor | B14: 2355000 | E14: Calabar | F14: 856250 | I14: Grand Total | J14: 42913200 | M14: Furniture | N14: 7580000
A15: David Umeh | B15: 2055000 | E15: Abeokuta | F15: 755250 | M15: Office Equipment | N15: 7104000
A16: Chinedu Obi | B16: 993750 | E16: Enugu | F16: 125600 | M16: Accessories | N16: 3195200
A17: Michael Joseph | B17: 856250 | E17: Grand Total | F17: 42913200 | I17: Category | J17: Sum of Total Sales | M17: Grand Total | N17: 42913200
A18: Peter Williams | B18: 755250 | I18: Retail | J18: 23975850
A19: Samuel Adeyemi | B19: 650750 | I19: Corporate | J19: 16320350
A20: Blessing Ojo | B20: 588750 | I20: Wholesale | J20: 2617000
A21: Mercy John | B21: 521250 | I21: Grand Total | J21: 42913200
A22: Emeka Nwosu | B22: 125600
A23: Kelvin George | B23: 109600
A24: Grand Total | B24: 42913200

Sheet dashboard
